^繕$,修繕費
費用未払,未払費用
^利益$,利益準備金
売く原価,売上原価
^利$,営業利益
取利,受取利息
別利益,特別利益
別損失,特別損失
^資$,出資金
^資$,資本金
負債部,負債の部
預1\)金,預り金
固定負賃,固定負債
^資金$,資本金
資本剰,資本剰余金
科自,科目
備消耗DA費,備品消耗品費
科目DIE,科目
修絶費,修繕費
^資産部$,資産の部
貸倒31当金,貸倒引当金
31当金,引当金
株本,株主資本
^資金$,資本金
その他利益剰則余金,その他利益剰余金
特別損,特別損失
[りリ]ス料,リース料
賃借[りリ]ー料,賃借・リース料
^現$,現金
^預$,預金
^預$,預り金
給手当,給与手当
消品ロロ費,消耗品費
借対照表,貸借対照表
A与手当,給与手当
資産部,資産の部
負債部,負債の部
仮受,仮受金
^費$,諸会費
租1Bi公課,租税公課
借対照表,貸借対照表
^資産の,資産の部
^敷$,敷金
エ地,土地
ソフトウ.ア,ソフトウェア
退職給付31当金,退職給付引当金
利益準備,利益準備金
商甘A口売上高,商品売上高
^営$,営業損失
業外収,営業外収益
特別利,特別利益
役UK報酬,役員報酬
事務圓給与,事務員給与
り一ス料,リ一ス料
接待交費,接待交際費
IA定負債,固定負債
^純資$,純資産の部
営業収,営業収益
業費用,営業費用
^長金,長期借入金
^[a-zA-Z]+合,合計
^合計?[a-zA-Z]+,合計
^[a-zA-Z]*計,合計
売上高△,売上高
